idMedico,nombre,apellido
1,Aretha,Korda
2,Holden,Dybell
3,Walden,Rawlison
4,Eba,Ranaghan
5,Kassey,Leslie
6,Tadio,De Freyne
7,Ferne,Trahair
8,Pearle,Avrahamoff
9,Jamima,Whitton
10,Elfreda,McMorran
11,Rahel,Droghan
12,Marena,Sposito
13,Orel,Kidstone
14,Goraud,Crumley
15,Leticia,Brave
16,Batholomew,Ivashnikov
17,Kennan,Checchetelli
18,Davis,Eagell
19,Nathanil,Crump
20,Rodolfo,Mazzia
21,Madison,Boram
22,Valdemar,Cratchley
23,Bartlet,Silson
24,Mano,Shawdforth
25,Yankee,Pouton
26,Maxie,Sedgemond
27,Hollie,Grimbaldeston
28,Justus,Wolffers
29,Dal,Heskins
30,Rafaelia,McCome
31,Almire,McAllister
32,Jewell,Saladin
33,Sharity,Du Hamel
34,Ainsley,Lilley
35,Dennie,Bartoszewicz
36,Candi,Fitton
37,Bobbie,Speechley
38,Almira,Beedham
39,Ario,Lammertz
40,Lorry,Glasspool
41,Reba,Chesman
42,Joellen,Ryde
43,Jaquith,McGarvey
44,Stephana,Cornall
45,Muffin,Andreopolos
46,Yvon,Rainton
47,Annabelle,Ismead
48,Alexandra,Bettenay
49,Amble,Reddy
50,Hildagarde,McGauhy
51,Anton,Laugharne
52,Roscoe,Haselgrove
53,Bartholemy,Cammell
54,Godwin,Gallahue
55,Durward,Saph
56,Christina,Robuchon
57,Rosemaria,Abley
58,Sydelle,Stannard
59,Munmro,Olcot
60,Sybila,Landell
61,Elna,Dalli
62,Thea,Campbell-Dunlop
63,Basia,Vickerstaff
64,Dag,Juanico
65,Eddi,Bermingham
66,Fernanda,Swinyard
67,Rennie,Isacsson
68,Flori,Fayne
69,Sidonia,Georghiou
70,Adelind,Shade
71,Nikki,Hauxwell
72,Sharon,Downgate
73,Dasie,Iacovides
74,Fawne,Iiannone
75,Ambros,Robillard
76,Spenser,Stolli
77,Sammy,Blazeby
78,Andrew,Dellit
79,Halley,Olrenshaw
80,Codie,Patillo
81,Danit,Estcot
82,Lannie,Borrows
83,Gram,Selman
84,Elsbeth,O'Cullen
85,Carmen,Passler
86,Ringo,Gaynsford
87,Catlee,Dur
88,Coleen,Clawson
89,Sinclare,Foli
90,Edy,Allison
91,Valentin,Blackett
92,Celestyna,Packham
93,Casey,Parsonage
94,Benjie,Alvaro
95,Maiga,Welch
96,Carmine,Farrant
97,Shermy,Preddle
98,Lizzie,Riggoll
99,Eugenie,Rockcliff
100,Wilma,Thurling
101,Harriott,Treweek
102,Una,Moriarty
103,Caron,Danahar
104,Caressa,Sprouls
105,Hamish,McCarroll
106,Clementia,Anstis
107,Gus,Devitt
108,Idette,Lanfare
109,Ibby,Duckit
110,Dall,Mewton
111,Berty,Hadlee
112,Mamie,Stanyon
113,Sigismond,Ivers
114,Maura,Finn
115,Koenraad,Kenford
116,Bellina,Densell
117,Reggie,Curphey
118,Noell,Muckart
119,Yancey,Coulter
120,Blisse,Newgrosh
121,Byran,Paliser
122,Catharine,Buttler
123,Rae,Bruhnsen
124,Marylinda,Ather
125,Yancy,Gingel
126,Gannie,Bengall
127,Roxy,Aujean
128,Lenna,Hollingby
129,Kit,Chastenet
130,Des,Borless
131,Micheil,Whiteson
132,Anatol,Tamsett
133,Gayel,Ajsik
134,Judd,Foot
135,Alleen,Iannitti
136,Shawn,Stiller
137,Bruno,Hagyard
138,Windham,Greenly
139,Lorilee,Fender
140,Waylin,Blackah
141,Janet,Clappison
142,Alexina,Mundford
143,Moyna,Maps
144,Meridel,Blenkiron
145,Bernardo,Fanthome
146,Elston,Docker
147,Chiarra,Kornel
148,Willdon,Shepheard
149,Dorey,Aldwich
150,Holt,Heberden
151,Read,Tomaello
152,Charmion,Vicarey
153,Breena,Capener
154,Katee,Turbern
155,Fleur,Kepe
156,Corena,Gosswell
157,Edward,Del Dello
158,Stefa,Dilland
159,Vassili,Covill
160,Ruy,Leney
161,Bertina,Chittey
162,Emmery,Gorringe
163,Pammy,Grzelak
164,Lisbeth,Chiese
165,Josee,Wiskar
166,Mozelle,Smoote
167,Adorne,Paunton
168,Tiphany,Capnerhurst
169,Trix,Walker
170,Hyacinthia,Rycraft
171,Orrin,D'Cruze
172,Kanya,Aitken
173,Rodd,Mowlam
174,Erminie,Karpfen
175,Linc,Ianni
176,Roddie,Fazackerley
177,Damara,Stearne
178,Nanci,Rutherforth
179,Linda,Sapey
180,Keely,Loughhead
181,June,Philippart
182,Susanne,Duberry
183,Derick,Coard
184,Orland,Ablett
185,Benito,Ruspine
186,Dietrich,Sturridge
187,Jodi,Ower
188,Kori,Goldster
189,Perla,Somerset
190,Sydel,Inglesfield
191,Bernette,Janodet
192,Gottfried,Waitland
193,Dominic,Arrow
194,Kippy,Bargh
195,Adriano,Aldus
196,Marji,Killock
197,Adolpho,Mundall
198,Agosto,Manneville
199,Ernesta,Hannant
200,Vivienne,Samudio
